rank,symbol,earnings_date,time_of_day,from_date,to_date,from_close,to_close,pct_change
1,TRGP,2020-02-20,bmo,2020-02-20,2020-04-02,39.45,6.32,-83.98%
2,NCLH,2020-02-20,bmo,2020-02-20,2020-04-02,48.51,8.40,-82.68%
3,RCL,2020-02-04,bmo,2020-02-04,2020-03-18,118.00,22.33,-81.08%
4,APA,2020-02-26,bmo,2020-02-26,2020-04-08,24.43,7.58,-68.97%
5,OKE,2020-02-24,bmo,2020-02-24,2020-04-06,75.07,23.33,-68.92%
6,DVN,2020-02-18,bmo,2020-02-18,2020-03-31,22.16,6.91,-68.82%
7,FANG,2020-02-18,amc,2020-02-19,2020-04-01,79.29,25.07,-68.38%
8,SPG,2020-02-04,bmo,2020-02-04,2020-03-18,137.29,44.92,-67.28%
9,VTR,2020-02-20,bmo,2020-02-20,2020-04-02,62.40,23.01,-63.13%
10,TDG,2020-02-04,bmo,2020-02-04,2020-03-18,641.27,245.79,-61.67%
11,MGM,2020-02-12,amc,2020-02-13,2020-03-27,31.80,12.19,-61.67%
12,COP,2020-02-04,bmo,2020-02-04,2020-03-18,56.49,22.67,-59.87%
13,BLDR,2020-02-20,amc,2020-02-21,2020-04-03,26.69,10.91,-59.12%
14,TPR,2020-02-06,bmo,2020-02-06,2020-03-20,29.00,12.04,-58.48%
15,MPC,2020-01-29,bmo,2020-01-29,2020-03-12,53.59,22.89,-57.29%
16,PSKY,2020-02-20,bmo,2020-02-20,2020-04-02,29.29,12.76,-56.44%
17,LYB,2020-01-31,bmo,2020-01-31,2020-03-16,77.86,34.90,-55.18%
18,WYNN,2020-02-06,amc,2020-02-07,2020-03-23,126.91,57.57,-54.64%
19,HIG,2020-02-03,amc,2020-02-04,2020-03-18,57.72,26.25,-54.52%
20,SYY,2020-02-03,bmo,2020-02-03,2020-03-17,76.68,35.06,-54.28%
21,EXPE,2020-02-13,amc,2020-02-14,2020-03-30,122.80,56.39,-54.08%
22,PRU,2020-02-04,amc,2020-02-05,2020-03-19,95.64,44.37,-53.61%
23,DOW,2020-01-29,bmo,2020-01-29,2020-03-12,49.67,23.67,-52.35%
24,BA,2020-01-29,bmo,2020-01-29,2020-03-12,322.02,154.84,-51.92%
25,PCG,2020-02-18,amc,2020-02-19,2020-04-01,17.51,8.42,-51.91%
26,OXY,2020-02-27,bmo,2020-02-27,2020-04-09,31.81,15.36,-51.71%
27,APP,2022-08-10,bmo,2022-08-10,2022-09-22,40.46,19.90,-50.82%
28,NXPI,2020-02-03,amc,2020-02-04,2020-03-18,130.51,64.56,-50.53%
29,AIG,2020-02-13,bmo,2020-02-13,2020-03-27,50.93,25.51,-49.91%
30,AFL,2020-02-04,amc,2020-02-05,2020-03-19,53.28,26.90,-49.51%
31,RCL,2022-05-05,bmo,2022-05-05,2022-06-17,73.59,37.30,-49.31%
32,WDC,2020-01-30,amc,2020-01-31,2020-03-16,49.49,25.14,-49.20%
33,ZBH,2020-02-04,bmo,2020-02-04,2020-03-18,152.09,78.22,-48.57%
34,MET,2020-02-05,bmo,2020-02-05,2020-03-19,51.53,26.80,-47.99%
35,VICI,2020-02-20,bmo,2020-02-20,2020-04-02,28.13,14.83,-47.28%
36,PSX,2020-01-31,bmo,2020-01-31,2020-03-16,91.37,48.27,-47.17%
37,GM,2020-02-05,amc,2020-02-06,2020-03-20,34.33,18.14,-47.16%
38,FTV,2020-02-06,amc,2020-02-07,2020-03-23,49.83,26.49,-46.84%
39,MOS,2020-02-19,amc,2020-02-20,2020-04-02,18.47,9.82,-46.83%
40,TXT,2020-01-29,bmo,2020-01-29,2020-03-12,47.10,25.06,-46.79%
41,IVZ,2020-01-29,bmo,2020-01-29,2020-03-12,17.63,9.45,-46.40%
42,F,2020-02-04,amc,2020-02-05,2020-03-19,8.31,4.47,-46.21%
43,ACGL,2020-02-11,bmo,2020-02-11,2020-03-25,47.75,25.72,-46.14%
44,IT,2020-02-04,bmo,2020-02-04,2020-03-18,154.00,83.38,-45.86%
45,TPL,2020-01-30,amc,2020-01-31,2020-03-16,251.90,136.67,-45.74%
46,LKQ,2020-02-20,bmo,2020-02-20,2020-04-02,34.02,18.51,-45.59%
47,UBER,2020-02-06,amc,2020-02-07,2020-03-23,40.63,22.40,-44.87%
48,XOM,2020-01-31,bmo,2020-01-31,2020-03-16,62.12,34.49,-44.48%
49,HST,2020-02-19,amc,2020-02-20,2020-04-02,17.18,9.55,-44.41%
50,O,2020-02-19,amc,2020-02-20,2020-04-02,79.32,44.18,-44.30%
51,MCHP,2020-02-04,amc,2020-02-05,2020-03-19,54.26,30.28,-44.19%
52,GE,2020-01-29,bmo,2020-01-29,2020-03-12,64.43,36.00,-44.13%
53,YUM,2020-02-06,bmo,2020-02-06,2020-03-20,103.74,58.08,-44.01%
54,FOXA,2020-02-05,amc,2020-02-06,2020-03-20,37.11,20.99,-43.44%
55,VLO,2020-01-30,bmo,2020-01-30,2020-03-13,88.19,49.90,-43.42%
56,WELL,2020-02-12,amc,2020-02-13,2020-03-27,87.70,49.70,-43.33%
57,PFG,2020-01-28,amc,2020-01-29,2020-03-12,54.48,30.98,-43.14%
58,ALB,2020-02-19,amc,2020-02-20,2020-04-02,94.31,53.66,-43.10%
59,ON,2020-02-03,bmo,2020-02-03,2020-03-17,19.91,11.55,-41.97%
60,MHK,2020-02-13,amc,2020-02-14,2020-03-30,137.98,80.15,-41.91%
61,DECK,2020-01-30,amc,2020-01-31,2020-03-16,31.82,18.56,-41.67%
62,WY,2020-01-31,bmo,2020-01-31,2020-03-16,28.95,16.95,-41.45%
63,CDW,2020-02-06,bmo,2020-02-06,2020-03-20,134.64,79.56,-40.91%
64,RL,2020-02-04,bmo,2020-02-04,2020-03-18,123.68,73.59,-40.50%
65,GL,2020-02-04,amc,2020-02-05,2020-03-19,108.40,64.50,-40.50%
66,CB,2020-02-04,amc,2020-02-05,2020-03-19,165.33,98.53,-40.40%
67,ABNB,2022-05-03,amc,2022-05-04,2022-06-16,156.18,93.26,-40.29%
68,SMCI,2020-02-06,bmo,2020-02-06,2020-03-20,2.83,1.69,-40.28%
69,FICO,2020-01-30,amc,2020-01-31,2020-03-16,402.38,240.68,-40.19%
70,ALL,2020-02-04,amc,2020-02-05,2020-03-19,124.67,74.69,-40.09%
71,WAB,2020-02-18,bmo,2020-02-18,2020-03-31,80.01,48.13,-39.85%
72,APP,2022-11-09,amc,2022-11-10,2022-12-23,16.28,9.84,-39.56%
73,L,2020-02-10,bmo,2020-02-10,2020-03-24,55.81,33.74,-39.54%
74,EMR,2020-02-04,amc,2020-02-05,2020-03-19,76.01,46.02,-39.46%
75,DIS,2020-02-04,bmo,2020-02-04,2020-03-18,144.73,88.80,-38.64%
76,CTSH,2020-02-05,amc,2020-02-06,2020-03-20,71.42,44.10,-38.25%
77,HOOD,2021-10-26,amc,2021-10-27,2021-12-09,35.44,21.91,-38.18%
78,NSC,2020-01-29,bmo,2020-01-29,2020-03-12,214.83,133.50,-37.86%
79,NWSA,2020-02-06,bmo,2020-02-06,2020-03-20,14.47,9.02,-37.66%
80,SNA,2020-02-06,bmo,2020-02-06,2020-03-20,160.06,99.87,-37.60%
81,CBOE,2020-02-07,bmo,2020-02-07,2020-03-23,122.54,76.54,-37.54%
82,CMG,2020-02-04,amc,2020-02-05,2020-03-19,17.08,10.72,-37.24%
83,GPC,2020-02-19,bmo,2020-02-19,2020-04-01,99.35,62.74,-36.85%
84,FRT,2020-02-10,amc,2020-02-11,2020-03-25,124.00,78.51,-36.69%
85,DTE,2020-02-05,bmo,2020-02-05,2020-03-19,114.40,72.67,-36.48%
86,INVH,2020-02-18,amc,2020-02-19,2020-04-01,31.77,20.28,-36.17%
87,HLT,2020-02-11,bmo,2020-02-11,2020-03-25,112.94,72.25,-36.03%
88,URI,2020-01-29,amc,2020-01-30,2020-03-13,141.58,91.01,-35.72%
89,ETR,2020-02-19,bmo,2020-02-19,2020-04-01,66.55,42.79,-35.70%
90,SWK,2020-01-29,bmo,2020-01-29,2020-03-12,162.75,104.74,-35.64%
91,REG,2020-02-12,amc,2020-02-13,2020-03-27,62.83,40.49,-35.56%
92,HAL,2020-01-21,bmo,2020-01-21,2020-03-04,23.77,15.39,-35.25%
93,HPQ,2020-02-24,amc,2020-02-25,2020-04-07,23.35,15.12,-35.25%
94,FE,2020-02-07,bmo,2020-02-07,2020-03-23,51.23,33.19,-35.21%
95,LYV,2020-02-27,amc,2020-02-28,2020-04-13,60.77,39.41,-35.15%
96,TFC,2020-01-30,bmo,2020-01-30,2020-03-13,52.13,33.83,-35.10%
97,CF,2020-02-12,amc,2020-02-13,2020-03-27,39.34,25.55,-35.05%
98,SPGI,2020-02-06,amc,2020-02-07,2020-03-23,295.48,192.05,-35.00%
99,CVX,2020-01-31,bmo,2020-01-31,2020-03-16,107.14,69.70,-34.94%
100,EPAM,2022-02-17,bmo,2022-02-17,2022-04-01,440.99,287.04,-34.91%
101,WMB,2020-02-19,amc,2020-02-20,2020-04-02,22.05,14.38,-34.78%
102,COIN,2022-11-03,bmo,2022-11-03,2022-12-16,55.80,36.60,-34.41%
103,PNW,2020-02-21,bmo,2020-02-21,2020-04-03,103.60,68.19,-34.18%
104,LH,2020-02-13,bmo,2020-02-13,2020-03-27,167.29,110.57,-33.91%
105,NUE,2020-01-28,amc,2020-01-29,2020-03-12,48.06,31.77,-33.90%
106,CPRT,2020-02-19,amc,2020-02-20,2020-04-02,24.33,16.10,-33.83%
107,DOC,2020-02-11,amc,2020-02-12,2020-03-26,36.75,24.32,-33.82%
108,ORLY,2020-02-05,amc,2020-02-06,2020-03-20,26.54,17.58,-33.76%
109,PAYC,2020-02-05,amc,2020-02-06,2020-03-20,290.71,192.81,-33.68%
110,BSX,2020-02-05,bmo,2020-02-05,2020-03-19,42.62,28.27,-33.67%
111,AMP,2020-01-29,amc,2020-01-30,2020-03-13,170.51,113.34,-33.53%
112,TRMB,2020-02-12,amc,2020-02-13,2020-03-27,44.90,29.85,-33.52%
113,CINF,2020-02-05,amc,2020-02-06,2020-03-20,112.84,75.03,-33.51%
114,IQV,2020-02-12,bmo,2020-02-12,2020-03-26,166.11,110.55,-33.45%
115,IPG,2020-02-12,bmo,2020-02-12,2020-03-26,24.98,16.64,-33.39%
116,DXCM,2022-04-28,amc,2022-04-29,2022-06-13,102.14,68.06,-33.37%
117,HAS,2020-02-11,bmo,2020-02-11,2020-03-25,100.10,66.79,-33.28%
118,MTCH,2020-02-05,bmo,2020-02-05,2020-03-19,76.00,50.76,-33.21%
119,AMAT,2020-02-12,amc,2020-02-13,2020-03-27,67.37,45.05,-33.13%
120,PSKY,2021-02-24,amc,2021-02-25,2021-04-09,62.50,41.88,-32.99%
121,CI,2020-02-06,bmo,2020-02-06,2020-03-20,211.86,142.09,-32.93%
122,RTX,2020-01-28,amc,2020-01-29,2020-03-12,90.14,60.46,-32.93%
123,TSN,2020-02-06,bmo,2020-02-06,2020-03-20,79.77,53.62,-32.78%
124,HUBB,2020-02-04,bmo,2020-02-04,2020-03-18,143.66,96.67,-32.71%
125,AVB,2020-02-05,bmo,2020-02-05,2020-03-19,217.61,146.57,-32.65%
126,TROW,2020-01-29,bmo,2020-01-29,2020-03-12,136.12,91.73,-32.61%
127,NVDA,2022-08-24,amc,2022-08-25,2022-10-07,17.91,12.08,-32.55%
128,OMC,2020-02-11,bmo,2020-02-11,2020-03-25,77.28,52.16,-32.51%
129,ADI,2020-02-19,bmo,2020-02-19,2020-04-01,123.89,84.09,-32.13%
130,FSLR,2020-02-20,amc,2020-02-21,2020-04-03,50.59,34.38,-32.04%
131,ETN,2020-02-04,bmo,2020-02-04,2020-03-18,100.91,68.82,-31.80%
132,DDOG,2021-02-11,amc,2021-02-12,2021-03-29,112.86,77.04,-31.74%
133,KIM,2020-01-30,bmo,2020-01-30,2020-03-13,19.35,13.22,-31.68%
134,PH,2020-01-30,bmo,2020-01-30,2020-03-13,205.15,140.32,-31.60%
135,BG,2020-02-12,bmo,2020-02-12,2020-03-26,55.02,37.64,-31.59%
136,EOG,2020-02-27,amc,2020-02-28,2020-04-13,63.26,43.29,-31.57%
137,ALLE,2020-02-18,bmo,2020-02-18,2020-03-31,134.36,92.02,-31.51%
138,KKR,2020-01-31,bmo,2020-01-31,2020-03-16,31.90,21.88,-31.41%
139,MAR,2020-02-26,bmo,2020-02-26,2020-04-08,120.19,82.53,-31.33%
140,OXY,2020-08-10,amc,2020-08-11,2020-09-23,15.16,10.41,-31.33%
141,ALGN,2020-01-29,bmo,2020-01-29,2020-03-12,261.60,180.12,-31.15%
142,CRL,2020-02-11,bmo,2020-02-11,2020-03-25,173.32,119.35,-31.14%
143,HBAN,2020-01-23,amc,2020-01-24,2020-03-09,13.72,9.45,-31.12%
144,GRMN,2020-02-19,bmo,2020-02-19,2020-04-01,103.67,71.41,-31.12%
145,TEL,2020-01-29,bmo,2020-01-29,2020-03-12,98.07,67.60,-31.07%
146,AME,2020-02-05,bmo,2020-02-05,2020-03-19,100.03,69.01,-31.01%
147,BEN,2020-01-30,bmo,2020-01-30,2020-03-13,26.21,18.11,-30.90%
148,PODD,2023-08-08,bmo,2023-08-08,2023-09-20,238.34,164.74,-30.88%
149,MLM,2020-02-11,bmo,2020-02-11,2020-03-25,262.76,182.07,-30.71%
150,UAL,2020-01-21,bmo,2020-01-21,2020-03-04,85.79,59.47,-30.68%
151,MSI,2020-02-06,amc,2020-02-07,2020-03-23,179.46,124.56,-30.59%
152,FISV,2020-02-04,amc,2020-02-05,2020-03-19,121.67,84.46,-30.58%
153,EXPE,2022-05-02,amc,2022-05-03,2022-06-15,150.31,104.41,-30.54%
154,TAP,2020-02-12,bmo,2020-02-12,2020-03-26,55.50,38.62,-30.41%
155,ECL,2020-02-18,amc,2020-02-19,2020-04-01,210.31,146.70,-30.25%
156,HOOD,2022-11-02,amc,2022-11-03,2022-12-16,12.33,8.61,-30.17%
157,ABBV,2020-02-07,bmo,2020-02-07,2020-03-23,92.29,64.50,-30.11%
158,NRG,2022-11-07,bmo,2022-11-07,2022-12-20,45.21,31.66,-29.97%
159,EXC,2020-02-11,bmo,2020-02-11,2020-03-25,35.18,24.64,-29.96%
160,CPT,2020-01-30,amc,2020-01-31,2020-03-16,112.43,78.80,-29.91%
161,HUM,2020-02-05,bmo,2020-02-05,2020-03-19,364.80,256.19,-29.77%
162,HSIC,2020-02-20,bmo,2020-02-20,2020-04-02,68.92,48.44,-29.72%
163,DD,2020-01-30,bmo,2020-01-30,2020-03-13,22.06,15.52,-29.65%
164,BALL,2020-02-06,bmo,2020-02-06,2020-03-20,78.00,54.89,-29.63%
165,MU,2024-06-26,amc,2024-06-27,2024-08-09,132.23,93.08,-29.61%
166,NCLH,2022-05-10,bmo,2022-05-10,2022-06-23,16.21,11.46,-29.30%
167,WRB,2020-01-28,amc,2020-01-29,2020-03-12,32.33,22.87,-29.26%
168,NCLH,2021-11-03,bmo,2021-11-03,2021-12-16,27.32,19.34,-29.21%
169,PM,2020-02-06,bmo,2020-02-06,2020-03-20,86.18,61.09,-29.11%
170,CVS,2024-11-06,bmo,2024-11-06,2024-12-19,61.61,43.78,-28.94%
171,CAT,2020-01-31,bmo,2020-01-31,2020-03-16,131.35,93.41,-28.88%
172,CMI,2020-02-04,amc,2020-02-05,2020-03-19,166.43,118.55,-28.77%
173,MTCH,2023-01-31,amc,2023-02-01,2023-03-16,51.41,36.62,-28.77%
174,WSM,2022-08-24,amc,2022-08-25,2022-10-07,83.00,59.23,-28.64%
175,EL,2020-02-06,bmo,2020-02-06,2020-03-20,211.53,151.00,-28.62%
176,QCOM,2020-02-05,bmo,2020-02-05,2020-03-19,90.91,65.00,-28.50%
177,GPN,2020-02-12,amc,2020-02-13,2020-03-27,202.73,144.96,-28.50%
178,SBUX,2020-01-28,amc,2020-01-29,2020-03-12,86.72,62.10,-28.39%
179,LHX,2020-02-04,amc,2020-02-05,2020-03-19,223.47,160.14,-28.34%
180,DASH,2021-11-09,amc,2021-11-10,2021-12-23,214.24,153.68,-28.27%
181,MAS,2020-02-11,bmo,2020-02-11,2020-03-25,47.53,34.12,-28.21%
182,XYL,2020-02-06,bmo,2020-02-06,2020-03-20,83.12,59.89,-27.95%
183,GD,2020-01-29,bmo,2020-01-29,2020-03-12,183.47,132.23,-27.93%
184,BMY,2020-02-06,bmo,2020-02-06,2020-03-20,67.10,48.40,-27.87%
185,GLW,2020-01-29,bmo,2020-01-29,2020-03-12,28.35,20.47,-27.80%
186,SWKS,2020-01-23,amc,2020-01-24,2020-03-09,122.31,88.32,-27.79%
187,PSKY,2023-05-04,bmo,2023-05-04,2023-06-16,22.86,16.51,-27.78%
188,EPAM,2020-02-20,bmo,2020-02-20,2020-04-02,238.05,172.02,-27.74%
189,TTD,2021-02-18,amc,2021-02-19,2021-04-05,90.33,65.32,-27.69%
190,MRNA,2024-08-01,bmo,2024-08-01,2024-09-13,94.17,68.28,-27.49%
191,UDR,2020-02-11,amc,2020-02-12,2020-03-26,49.29,35.78,-27.41%
192,STE,2020-02-10,amc,2020-02-11,2020-03-25,162.27,117.82,-27.39%
193,DASH,2022-08-04,bmo,2022-08-04,2022-09-16,81.36,59.13,-27.32%
194,AXP,2020-01-24,bmo,2020-01-24,2020-03-09,135.11,98.29,-27.25%
195,BF-B,2024-12-05,bmo,2024-12-05,2025-01-22,45.38,33.03,-27.21%
196,UBER,2022-05-04,bmo,2022-05-04,2022-06-16,28.10,20.47,-27.15%
197,MRNA,2022-08-03,bmo,2022-08-03,2022-09-15,186.49,135.86,-27.15%
198,SO,2020-02-20,amc,2020-02-21,2020-04-03,68.99,50.27,-27.13%
199,STX,2020-02-04,bmo,2020-02-04,2020-03-18,58.97,42.99,-27.10%
200,NTAP,2020-02-12,amc,2020-02-13,2020-03-27,55.18,40.23,-27.09%
201,IP,2020-01-30,amc,2020-01-31,2020-03-16,38.56,28.14,-27.02%
202,PPL,2020-02-14,bmo,2020-02-14,2020-03-30,35.37,25.83,-26.97%
203,IRM,2020-02-13,bmo,2020-02-13,2020-03-27,33.36,24.37,-26.95%
204,WTW,2020-02-06,bmo,2020-02-06,2020-03-20,208.90,152.63,-26.94%
205,SYK,2020-01-28,amc,2020-01-29,2020-03-12,210.68,154.25,-26.78%
206,SLB,2020-01-17,amc,2020-01-21,2020-03-04,36.95,27.08,-26.71%
207,FTNT,2020-02-06,amc,2020-02-07,2020-03-23,23.42,17.18,-26.64%
208,MTB,2020-01-23,bmo,2020-01-23,2020-03-06,170.37,125.13,-26.55%
209,GNRC,2021-11-02,bmo,2021-11-02,2021-12-15,483.58,355.57,-26.47%
210,MGM,2022-05-02,amc,2022-05-03,2022-06-15,40.85,30.06,-26.41%
211,EFX,2020-02-12,amc,2020-02-13,2020-03-27,162.26,119.55,-26.32%
212,BXP,2023-01-31,bmo,2023-01-31,2023-03-15,74.54,54.93,-26.31%
213,VRSN,2020-02-06,amc,2020-02-07,2020-03-23,205.07,151.17,-26.28%
214,CNP,2020-02-27,bmo,2020-02-27,2020-04-09,24.16,17.81,-26.28%
215,FSLR,2021-11-04,amc,2021-11-05,2021-12-20,116.31,85.76,-26.27%
216,DOC,2022-05-03,bmo,2022-05-03,2022-06-15,33.04,24.37,-26.24%
217,KLAC,2020-02-04,bmo,2020-02-04,2020-03-18,178.80,132.02,-26.16%
218,DVA,2022-05-05,amc,2022-05-06,2022-06-21,102.96,76.05,-26.14%
219,DDOG,2020-02-13,amc,2020-02-14,2020-03-30,47.03,34.75,-26.11%
220,PPG,2022-01-20,amc,2022-01-21,2022-03-07,154.74,114.50,-26.00%
221,PRU,2023-02-07,amc,2023-02-08,2023-03-23,104.34,77.23,-25.98%
222,LVS,2020-01-29,amc,2020-01-30,2020-03-13,66.20,49.01,-25.97%
223,HII,2020-02-13,bmo,2020-02-13,2020-03-27,250.36,185.59,-25.87%
224,PLD,2022-04-19,bmo,2022-04-19,2022-06-01,169.56,125.86,-25.77%
225,APA,2020-07-29,amc,2020-07-30,2020-09-11,16.01,11.89,-25.73%
226,INTC,2020-01-23,amc,2020-01-24,2020-03-09,68.47,50.85,-25.73%
227,NDSN,2020-02-19,amc,2020-02-20,2020-04-02,172.10,127.90,-25.68%
228,MPWR,2020-02-05,amc,2020-02-06,2020-03-20,181.86,135.22,-25.65%
229,CAH,2020-02-06,bmo,2020-02-06,2020-03-20,58.26,43.33,-25.63%
230,LDOS,2020-02-18,bmo,2020-02-18,2020-03-31,123.22,91.65,-25.62%
231,BKR,2020-01-22,bmo,2020-01-22,2020-03-05,22.68,16.96,-25.22%
232,HOLX,2020-01-29,amc,2020-01-30,2020-03-13,54.23,40.58,-25.17%
233,MTD,2020-02-06,amc,2020-02-07,2020-03-23,787.15,589.41,-25.12%
234,KEY,2020-01-23,bmo,2020-01-23,2020-03-06,19.83,14.87,-25.01%
235,AEP,2020-02-20,bmo,2020-02-20,2020-04-02,102.38,76.79,-25.00%
236,CHTR,2020-01-31,bmo,2020-01-31,2020-03-16,517.46,389.11,-24.80%
237,PFG,2023-01-30,amc,2023-01-31,2023-03-15,92.55,69.69,-24.70%
238,GOOG,2020-02-03,bmo,2020-02-03,2020-03-17,74.30,55.99,-24.64%
239,EW,2020-01-30,amc,2020-01-31,2020-03-16,73.29,55.24,-24.62%
240,MA,2020-01-29,bmo,2020-01-29,2020-03-12,320.32,241.50,-24.61%
241,GOOGL,2020-02-03,bmo,2020-02-03,2020-03-17,74.13,55.90,-24.59%
242,PHM,2020-01-28,bmo,2020-01-28,2020-03-11,46.84,35.34,-24.55%
243,GDDY,2020-02-13,amc,2020-02-14,2020-03-30,78.39,59.16,-24.53%
244,NVR,2020-01-28,amc,2020-01-29,2020-03-12,3898.56,2947.20,-24.40%
245,ADM,2020-01-29,amc,2020-01-30,2020-03-13,45.80,34.64,-24.37%
246,SMCI,2022-05-03,amc,2022-05-04,2022-06-16,5.67,4.29,-24.34%
247,TPR,2022-08-18,bmo,2022-08-18,2022-09-30,37.57,28.43,-24.33%
248,APTV,2020-01-30,bmo,2020-01-30,2020-03-13,87.68,66.47,-24.19%
249,BXP,2022-05-02,amc,2022-05-03,2022-06-15,121.38,92.04,-24.17%
250,MCHP,2024-11-05,amc,2024-11-06,2024-12-19,73.75,55.99,-24.08%
251,DOC,2023-02-07,amc,2023-02-08,2023-03-23,26.72,20.30,-24.03%
252,HPE,2020-03-03,amc,2020-03-04,2020-04-16,12.26,9.32,-23.98%
253,TTD,2020-02-27,amc,2020-02-28,2020-04-13,28.73,21.86,-23.91%
254,ADP,2020-01-29,bmo,2020-01-29,2020-03-12,171.04,130.28,-23.83%
255,CFG,2020-01-17,bmo,2020-01-17,2020-03-03,40.87,31.15,-23.78%
256,ROK,2020-01-29,bmo,2020-01-29,2020-03-12,196.17,149.59,-23.74%
257,DVN,2024-11-05,amc,2024-11-06,2024-12-19,40.02,30.52,-23.74%
258,DOV,2020-01-30,bmo,2020-01-30,2020-03-13,118.92,90.75,-23.69%
259,RSG,2020-02-13,amc,2020-02-14,2020-03-30,100.43,76.65,-23.68%
260,LNT,2020-02-20,amc,2020-02-21,2020-04-03,59.14,45.15,-23.66%
261,DE,2020-02-21,bmo,2020-02-21,2020-04-03,177.43,135.52,-23.62%
262,V,2020-01-30,amc,2020-01-31,2020-03-16,198.97,152.01,-23.60%
263,BX,2020-01-30,bmo,2020-01-30,2020-03-13,61.11,46.72,-23.55%
264,ULTA,2024-03-14,amc,2024-03-15,2024-04-29,535.98,410.04,-23.50%
265,AVY,2020-01-29,bmo,2020-01-29,2020-03-12,136.23,104.22,-23.50%
266,DDOG,2022-05-05,bmo,2022-05-05,2022-06-17,111.87,85.63,-23.46%
267,SYF,2020-01-24,bmo,2020-01-24,2020-03-09,32.63,25.02,-23.32%
268,COIN,2024-08-01,bmo,2024-08-01,2024-09-13,212.64,163.05,-23.32%
269,WM,2020-02-13,bmo,2020-02-13,2020-03-27,124.23,95.30,-23.29%
270,FIS,2023-02-13,bmo,2023-02-13,2023-03-28,66.00,50.65,-23.26%
271,TJX,2020-02-26,bmo,2020-02-26,2020-04-08,63.99,49.11,-23.25%
272,NDAQ,2020-01-29,bmo,2020-01-29,2020-03-12,38.45,29.54,-23.17%
273,GNRC,2020-02-13,bmo,2020-02-13,2020-03-27,115.75,88.96,-23.14%
274,APA,2024-07-31,amc,2024-08-01,2024-09-13,31.08,23.94,-22.97%
275,NTRS,2020-01-22,bmo,2020-01-22,2020-03-05,104.99,80.89,-22.95%
276,AIZ,2020-02-11,amc,2020-02-12,2020-03-26,136.69,105.35,-22.93%
277,APO,2020-01-30,bmo,2020-01-30,2020-03-13,46.63,35.95,-22.90%
278,ZTS,2020-02-13,bmo,2020-02-13,2020-03-27,144.94,111.77,-22.89%
279,LULU,2021-12-09,bmo,2021-12-09,2022-01-24,416.92,321.62,-22.86%
280,COIN,2022-08-09,bmo,2022-08-09,2022-09-21,87.68,67.64,-22.86%
281,WSM,2021-11-18,bmo,2021-11-18,2022-01-03,109.45,84.44,-22.85%
282,BLDR,2022-08-01,bmo,2022-08-01,2022-09-13,73.34,56.61,-22.81%
283,TER,2020-01-22,amc,2020-01-23,2020-03-06,76.21,58.92,-22.69%
284,LII,2020-02-04,bmo,2020-02-04,2020-03-18,239.01,184.85,-22.66%
285,HCA,2020-01-28,bmo,2020-01-28,2020-03-11,145.50,112.59,-22.62%
286,ALB,2023-02-15,amc,2023-02-16,2023-03-31,285.62,221.04,-22.61%
287,HOOD,2022-04-28,bmo,2022-04-28,2022-06-10,10.09,7.81,-22.60%
288,AON,2020-01-31,bmo,2020-01-31,2020-03-16,220.25,170.53,-22.57%
289,ODFL,2020-02-06,bmo,2020-02-06,2020-03-20,72.62,56.23,-22.57%
290,JCI,2020-01-31,bmo,2020-01-31,2020-03-16,39.45,30.60,-22.43%
291,PLTR,2022-08-08,bmo,2022-08-08,2022-09-20,9.82,7.62,-22.40%
292,AMCR,2020-02-11,amc,2020-02-12,2020-03-26,10.47,8.13,-22.35%
293,LRCX,2020-07-29,amc,2020-07-30,2020-09-11,37.85,29.40,-22.32%
294,WDC,2022-08-05,bmo,2022-08-05,2022-09-19,35.58,27.67,-22.23%
295,FIS,2020-02-13,bmo,2020-02-13,2020-03-27,154.32,120.10,-22.17%
296,AJG,2020-01-30,amc,2020-01-31,2020-03-16,102.57,79.85,-22.15%
297,PLTR,2021-11-09,bmo,2021-11-09,2021-12-22,24.25,18.88,-22.14%
298,PAYC,2021-11-02,amc,2021-11-03,2021-12-16,512.33,399.37,-22.05%
299,ABNB,2021-11-04,amc,2021-11-05,2021-12-20,201.62,157.23,-22.02%
300,LULU,2022-03-29,amc,2022-03-30,2022-05-12,376.92,294.00,-22.00%
301,AMD,2022-08-02,bmo,2022-08-02,2022-09-14,99.29,77.45,-22.00%
302,MRNA,2022-05-04,bmo,2022-05-04,2022-06-16,155.05,121.08,-21.91%
303,HON,2020-01-31,bmo,2020-01-31,2020-03-16,173.22,135.27,-21.91%
304,GEN,2023-02-02,amc,2023-02-03,2023-03-20,21.30,16.64,-21.88%
305,AIG,2022-05-03,amc,2022-05-04,2022-06-16,63.94,49.97,-21.85%
306,VMC,2022-05-04,bmo,2022-05-04,2022-06-16,185.43,144.93,-21.84%
307,PTC,2020-01-22,amc,2020-01-23,2020-03-06,85.07,66.52,-21.81%
308,REG,2022-05-03,amc,2022-05-04,2022-06-16,72.96,57.09,-21.75%
309,BXP,2020-01-28,amc,2020-01-29,2020-03-12,142.93,111.89,-21.72%
310,MRNA,2024-11-07,bmo,2024-11-07,2024-12-20,50.28,39.39,-21.66%
311,KIM,2022-04-28,bmo,2022-04-28,2022-06-10,26.35,20.65,-21.63%
312,DAL,2020-01-14,bmo,2020-01-14,2020-02-27,61.45,48.19,-21.58%
313,WBD,2021-02-22,bmo,2021-02-22,2021-04-06,55.29,43.38,-21.54%
314,HPQ,2022-05-31,amc,2022-06-01,2022-07-15,40.34,31.66,-21.52%
315,BLDR,2022-05-10,bmo,2022-05-10,2022-06-23,65.13,51.12,-21.51%
316,CDNS,2020-02-12,amc,2020-02-13,2020-03-27,79.25,62.28,-21.41%
317,SJM,2023-08-29,bmo,2023-08-29,2023-10-11,145.94,114.73,-21.39%
318,CCL,2024-06-25,bmo,2024-06-25,2024-08-07,17.82,14.01,-21.38%
319,C,2020-01-14,bmo,2020-01-14,2020-02-27,81.91,64.45,-21.32%
320,MET,2023-02-01,amc,2023-02-02,2023-03-17,69.71,54.87,-21.29%
321,FCX,2020-01-23,bmo,2020-01-23,2020-03-06,11.97,9.43,-21.22%
322,VMC,2020-02-18,bmo,2020-02-18,2020-03-31,137.17,108.07,-21.21%
323,IEX,2020-01-29,amc,2020-01-30,2020-03-13,165.92,130.85,-21.14%
324,STLD,2020-01-22,amc,2020-01-23,2020-03-06,31.63,24.95,-21.12%
325,ARE,2023-01-30,amc,2023-01-31,2023-03-15,160.74,126.95,-21.02%
326,ORCL,2021-12-09,amc,2021-12-10,2022-01-25,102.63,81.07,-21.01%
327,D,2020-02-11,bmo,2020-02-11,2020-03-25,85.22,67.34,-20.98%
328,MOS,2022-05-02,amc,2022-05-03,2022-06-15,67.83,53.61,-20.96%
329,SWKS,2022-05-03,amc,2022-05-04,2022-06-16,113.53,89.75,-20.95%
330,TECH,2020-02-04,bmo,2020-02-04,2020-03-18,52.09,41.18,-20.94%
331,CVS,2020-02-12,bmo,2020-02-12,2020-03-26,73.75,58.31,-20.94%
332,ZBRA,2020-02-13,bmo,2020-02-13,2020-03-27,233.32,184.57,-20.89%
333,SOLV,2024-05-09,bmo,2024-05-09,2024-06-24,64.83,51.30,-20.87%
334,EME,2020-02-27,amc,2020-02-28,2020-04-13,76.92,60.89,-20.84%
335,PLTR,2021-02-16,bmo,2021-02-16,2021-03-30,27.84,22.04,-20.83%
336,PAYC,2022-05-03,amc,2022-05-04,2022-06-16,328.20,259.97,-20.79%
337,ESS,2022-04-26,amc,2022-04-27,2022-06-09,341.96,270.90,-20.78%
338,HWM,2020-01-27,bmo,2020-01-27,2020-03-10,30.67,24.30,-20.77%
339,ARE,2020-02-03,amc,2020-02-04,2020-03-18,167.79,132.95,-20.76%
340,TSLA,2022-04-20,bmo,2022-04-20,2022-06-02,325.73,258.33,-20.69%
341,DVA,2020-02-10,amc,2020-02-11,2020-03-25,88.50,70.20,-20.68%
342,MCD,2020-01-29,bmo,2020-01-29,2020-03-12,214.44,170.13,-20.66%
343,TRGP,2020-08-06,bmo,2020-08-06,2020-09-18,19.36,15.36,-20.66%
344,TECH,2022-08-04,amc,2022-08-05,2022-09-19,95.74,76.00,-20.62%
345,LIN,2020-02-13,amc,2020-02-14,2020-03-30,222.64,176.80,-20.59%
346,EOG,2020-08-06,amc,2020-08-07,2020-09-21,48.81,38.81,-20.49%
347,NCLH,2022-11-08,bmo,2022-11-08,2022-12-21,17.28,13.75,-20.43%
348,ROST,2020-03-03,amc,2020-03-04,2020-04-16,109.56,87.19,-20.42%
349,IDXX,2022-05-04,bmo,2022-05-04,2022-06-16,411.31,327.37,-20.41%
350,CRL,2022-05-04,bmo,2022-05-04,2022-06-16,257.51,205.11,-20.35%
351,DAY,2022-05-04,amc,2022-05-05,2022-06-17,56.47,44.99,-20.33%
352,COF,2020-01-21,amc,2020-01-22,2020-03-05,106.76,85.08,-20.31%
353,ALL,2023-02-01,amc,2023-02-02,2023-03-17,131.89,105.11,-20.30%
354,TTD,2022-08-09,amc,2022-08-10,2022-09-22,74.24,59.24,-20.20%
355,BF-B,2023-08-30,bmo,2023-08-30,2023-10-12,66.28,53.00,-20.04%
356,CRM,2020-02-25,bmo,2020-02-25,2020-04-07,181.27,145.07,-19.97%
357,MDT,2020-02-18,bmo,2020-02-18,2020-03-31,112.66,90.18,-19.95%
358,MAR,2022-05-04,bmo,2022-05-04,2022-06-16,181.24,145.16,-19.91%
359,DUK,2020-02-13,bmo,2020-02-13,2020-03-27,100.11,80.19,-19.90%
360,FANG,2020-08-03,amc,2020-08-04,2020-09-16,41.07,32.91,-19.87%
361,MPWR,2024-10-30,amc,2024-10-31,2024-12-13,759.30,608.44,-19.87%
362,APP,2022-02-16,bmo,2022-02-16,2022-03-31,68.71,55.07,-19.85%
363,EL,2022-08-18,amc,2022-08-19,2022-10-03,273.28,219.09,-19.83%
364,DG,2023-08-31,bmo,2023-08-31,2023-10-13,138.50,111.16,-19.74%
365,NUE,2022-04-21,amc,2022-04-22,2022-06-06,161.05,129.47,-19.61%
366,WBD,2021-04-28,bmo,2021-04-28,2021-06-10,37.49,30.14,-19.61%
367,ROP,2020-01-30,bmo,2020-01-30,2020-03-13,389.38,313.52,-19.48%
368,FRT,2022-05-05,bmo,2022-05-05,2022-06-17,117.58,94.71,-19.45%
369,ULTA,2020-05-28,bmo,2020-05-28,2020-07-10,243.31,195.99,-19.45%
370,IFF,2020-02-12,amc,2020-02-13,2020-03-27,136.74,110.22,-19.39%
371,MPC,2020-08-03,bmo,2020-08-03,2020-09-15,38.57,31.09,-19.39%
372,CPT,2022-04-28,amc,2022-04-29,2022-06-13,156.89,126.50,-19.37%
373,RJF,2020-01-22,amc,2020-01-23,2020-03-06,60.83,49.07,-19.33%
374,CBRE,2020-02-27,bmo,2020-02-27,2020-04-09,56.54,45.61,-19.33%
375,XYZ,2023-08-03,amc,2023-08-04,2023-09-18,63.52,51.25,-19.32%
376,WAT,2020-02-04,bmo,2020-02-04,2020-03-18,219.08,176.81,-19.29%
377,FITB,2020-01-22,bmo,2020-01-22,2020-03-05,29.34,23.68,-19.29%
378,MTCH,2022-02-01,amc,2022-02-02,2022-03-17,118.01,95.26,-19.28%
379,OXY,2021-11-04,amc,2021-11-05,2021-12-20,33.42,26.98,-19.27%
380,A,2020-02-18,amc,2020-02-19,2020-04-01,85.35,68.92,-19.25%
381,UDR,2022-04-26,amc,2022-04-27,2022-06-09,55.96,45.21,-19.21%
382,ADSK,2022-05-26,amc,2022-05-27,2022-07-13,211.38,170.95,-19.13%
383,WST,2020-02-13,bmo,2020-02-13,2020-03-27,174.38,141.08,-19.10%
384,XYL,2022-05-04,bmo,2022-05-04,2022-06-16,90.30,73.07,-19.08%
385,CBRE,2023-02-23,bmo,2023-02-23,2023-04-06,86.85,70.31,-19.04%
386,ICE,2020-02-06,bmo,2020-02-06,2020-03-20,90.11,72.99,-19.00%
387,HD,2020-02-25,bmo,2020-02-25,2020-04-07,237.38,192.29,-18.99%
388,AIG,2023-02-15,amc,2023-02-16,2023-03-31,62.16,50.36,-18.98%
389,SWK,2023-02-02,bmo,2023-02-02,2023-03-17,95.89,77.69,-18.98%
390,CSCO,2022-08-17,amc,2022-08-18,2022-09-30,49.37,40.00,-18.98%
391,HAL,2021-10-19,bmo,2021-10-19,2021-12-01,26.10,21.15,-18.97%
392,DXCM,2023-07-27,amc,2023-07-28,2023-09-11,132.38,107.29,-18.95%
393,PSKY,2023-08-07,amc,2023-08-08,2023-09-20,16.37,13.27,-18.94%
394,GM,2022-02-01,bmo,2022-02-01,2022-03-16,54.07,43.85,-18.90%
395,SPG,2022-05-09,bmo,2022-05-09,2022-06-22,118.19,95.95,-18.82%
396,AVB,2022-04-27,amc,2022-04-28,2022-06-10,239.50,194.44,-18.81%
397,TRGP,2022-05-05,bmo,2022-05-05,2022-06-17,74.70,60.65,-18.81%
398,BLDR,2021-05-06,bmo,2021-05-06,2021-06-18,52.00,42.22,-18.81%
399,TSCO,2020-01-30,bmo,2020-01-30,2020-03-13,18.77,15.24,-18.81%
400,WSM,2022-03-16,amc,2022-03-17,2022-04-29,80.35,65.24,-18.81%
401,QCOM,2022-02-02,bmo,2022-02-02,2022-03-17,188.20,152.83,-18.79%
402,META,2020-01-29,amc,2020-01-30,2020-03-13,209.53,170.28,-18.73%
403,AMAT,2022-05-19,amc,2022-05-20,2022-07-06,106.46,86.56,-18.69%
404,AWK,2020-02-18,amc,2020-02-19,2020-04-01,138.70,112.80,-18.67%
405,CVS,2023-02-08,bmo,2023-02-08,2023-03-23,88.96,72.37,-18.65%
406,PCAR,2020-01-28,bmo,2020-01-28,2020-03-11,51.18,41.66,-18.60%
407,ANET,2022-05-02,amc,2022-05-03,2022-06-15,28.51,23.22,-18.55%
408,RMD,2023-08-03,amc,2023-08-04,2023-09-18,179.25,146.05,-18.52%
409,UHS,2020-02-26,amc,2020-02-27,2020-04-09,128.24,104.51,-18.50%
410,TECH,2022-05-04,bmo,2022-05-04,2022-06-16,98.96,80.67,-18.48%
411,WDC,2023-01-31,amc,2023-02-01,2023-03-16,32.73,26.70,-18.42%
412,MAA,2022-04-27,amc,2022-04-28,2022-06-10,206.13,168.16,-18.42%
413,COIN,2021-11-09,amc,2021-11-10,2021-12-23,328.60,268.15,-18.40%
414,LMT,2020-01-28,bmo,2020-01-28,2020-03-11,437.17,356.93,-18.35%
415,NOC,2020-01-30,bmo,2020-01-30,2020-03-13,384.87,314.50,-18.28%
416,BKNG,2020-02-26,bmo,2020-02-26,2020-04-08,1678.20,1372.06,-18.24%
417,EXR,2022-05-03,amc,2022-05-04,2022-06-16,195.57,159.94,-18.22%
418,HLT,2022-05-03,bmo,2022-05-03,2022-06-15,148.96,121.89,-18.17%
419,SNPS,2022-08-17,amc,2022-08-18,2022-09-30,373.32,305.51,-18.16%
420,PRU,2022-05-03,amc,2022-05-04,2022-06-16,111.57,91.33,-18.14%
421,GS,2020-01-15,bmo,2020-01-15,2020-02-28,245.21,200.77,-18.12%
422,CHRW,2020-01-28,amc,2020-01-29,2020-03-12,73.41,60.11,-18.12%
423,ARE,2022-04-25,amc,2022-04-26,2022-06-08,190.60,156.08,-18.11%
424,WELL,2022-08-09,amc,2022-08-10,2022-09-22,83.31,68.25,-18.08%
425,VRSK,2022-05-03,amc,2022-05-04,2022-06-16,193.53,158.58,-18.06%
426,TGT,2023-05-17,bmo,2023-05-17,2023-06-30,160.96,131.90,-18.05%
427,POOL,2020-02-13,bmo,2020-02-13,2020-03-27,228.14,186.98,-18.04%
428,HST,2022-05-04,amc,2022-05-05,2022-06-17,19.75,16.20,-17.97%
429,CSCO,2020-02-12,amc,2020-02-13,2020-03-27,47.32,38.82,-17.96%
430,MCO,2020-02-12,bmo,2020-02-12,2020-03-26,273.41,224.33,-17.95%
431,RCL,2023-02-07,bmo,2023-02-07,2023-03-22,74.01,60.75,-17.92%
432,AMD,2020-01-28,amc,2020-01-29,2020-03-12,47.51,39.01,-17.89%
433,EA,2020-01-30,amc,2020-01-31,2020-03-16,107.92,88.67,-17.84%
434,BAC,2020-01-15,bmo,2020-01-15,2020-02-28,34.67,28.50,-17.80%
435,PNR,2020-01-28,bmo,2020-01-28,2020-03-11,44.28,36.40,-17.80%
436,PSKY,2021-11-04,bmo,2021-11-04,2021-12-17,35.90,29.52,-17.77%
437,PEP,2020-02-13,bmo,2020-02-13,2020-03-27,146.47,120.46,-17.76%
438,ALGN,2024-04-24,amc,2024-04-25,2024-06-07,310.50,255.54,-17.70%
439,KO,2020-01-30,bmo,2020-01-30,2020-03-13,58.86,48.47,-17.65%
440,DOW,2024-10-24,bmo,2024-10-24,2024-12-06,50.99,41.99,-17.65%
441,MS,2020-01-16,bmo,2020-01-16,2020-03-02,56.44,46.48,-17.65%
442,VLO,2020-07-30,bmo,2020-07-30,2020-09-11,56.33,46.39,-17.65%
443,STT,2020-01-17,amc,2020-01-21,2020-03-04,81.31,67.00,-17.60%
444,MRK,2020-02-05,bmo,2020-02-05,2020-03-19,81.84,67.44,-17.60%
445,AMAT,2022-08-18,amc,2022-08-19,2022-10-03,104.63,86.25,-17.57%
446,JBHT,2020-01-17,bmo,2020-01-17,2020-03-03,114.68,94.54,-17.56%
447,MHK,2023-02-09,amc,2023-02-10,2023-03-27,115.77,95.45,-17.55%
448,IP,2023-01-31,bmo,2023-01-31,2023-03-15,41.82,34.48,-17.55%
449,TPL,2024-11-06,bmo,2024-11-06,2024-12-19,1329.62,1096.33,-17.55%
450,SHW,2022-01-27,bmo,2022-01-27,2022-03-11,283.17,233.59,-17.51%
451,AMD,2022-05-03,amc,2022-05-04,2022-06-16,99.42,82.05,-17.47%
452,COP,2022-11-03,bmo,2022-11-03,2022-12-16,133.82,110.44,-17.47%
453,IFF,2022-08-08,amc,2022-08-09,2022-09-21,120.13,99.15,-17.46%
454,LUV,2020-01-23,bmo,2020-01-23,2020-03-06,55.40,45.73,-17.45%
455,AVGO,2022-05-26,amc,2022-05-27,2022-07-13,58.33,48.17,-17.42%
456,DDOG,2022-08-04,bmo,2022-08-04,2022-09-16,110.49,91.25,-17.41%
457,BLDR,2022-03-01,bmo,2022-03-01,2022-04-12,73.05,60.33,-17.41%
458,IDXX,2020-01-31,bmo,2020-01-31,2020-03-16,271.01,223.83,-17.41%
459,ALB,2024-05-01,amc,2024-05-02,2024-06-14,125.30,103.51,-17.39%
460,LDOS,2024-10-29,bmo,2024-10-29,2024-12-11,185.86,153.55,-17.38%
461,DVN,2020-08-04,amc,2020-08-05,2020-09-17,12.04,9.95,-17.36%
462,PPG,2020-01-16,bmo,2020-01-16,2020-03-02,127.41,105.31,-17.35%
463,PANW,2022-11-17,amc,2022-11-18,2023-01-04,83.74,69.27,-17.28%
464,OKE,2022-05-03,amc,2022-05-04,2022-06-16,67.35,55.73,-17.25%
465,GNRC,2023-02-15,bmo,2023-02-15,2023-03-30,135.23,111.97,-17.20%
466,SPG,2023-02-06,amc,2023-02-07,2023-03-22,125.90,104.31,-17.15%
467,COO,2022-08-31,amc,2022-09-01,2022-10-14,75.03,62.17,-17.14%
468,BK,2022-01-18,bmo,2022-01-18,2022-03-02,62.92,52.14,-17.13%
469,ES,2020-02-19,amc,2020-02-20,2020-04-02,95.65,79.29,-17.10%
470,VRSK,2020-02-18,amc,2020-02-19,2020-04-01,169.74,140.78,-17.06%
471,SNPS,2020-02-19,amc,2020-02-20,2020-04-02,155.08,128.65,-17.04%
472,HRL,2023-08-31,bmo,2023-08-31,2023-10-13,38.59,32.02,-17.03%
473,APTV,2022-05-05,bmo,2022-05-05,2022-06-17,104.63,86.84,-17.00%
474,TSLA,2021-01-27,amc,2021-01-28,2021-03-12,278.48,231.24,-16.96%
475,TPR,2023-08-17,bmo,2023-08-17,2023-09-29,34.60,28.75,-16.91%
476,NSC,2023-07-27,bmo,2023-07-27,2023-09-08,235.34,195.64,-16.87%
477,WY,2022-04-29,bmo,2022-04-29,2022-06-13,41.22,34.27,-16.86%
478,UBER,2024-10-31,bmo,2024-10-31,2024-12-13,72.05,59.93,-16.82%
479,WBD,2022-02-24,bmo,2022-02-24,2022-04-07,27.73,23.07,-16.80%
480,J,2020-02-04,bmo,2020-02-04,2020-03-18,78.89,65.64,-16.80%
481,CCL,2023-12-21,bmo,2023-12-21,2024-02-06,19.19,15.97,-16.78%
482,DELL,2022-08-25,amc,2022-08-26,2022-10-10,41.43,34.48,-16.78%
483,LOW,2020-02-26,bmo,2020-02-26,2020-04-08,113.30,94.35,-16.73%
484,ATO,2020-02-04,amc,2020-02-05,2020-03-19,118.28,98.51,-16.71%
485,MTCH,2021-11-02,bmo,2021-11-02,2021-12-15,148.55,123.81,-16.65%
486,UNP,2020-01-23,bmo,2020-01-23,2020-03-06,187.19,156.09,-16.61%
487,AMZN,2022-04-28,amc,2022-04-29,2022-06-13,124.28,103.67,-16.58%
488,RL,2020-05-27,bmo,2020-05-27,2020-07-09,80.88,67.47,-16.58%
489,ESS,2023-02-07,amc,2023-02-08,2023-03-23,235.12,196.17,-16.57%
490,CLX,2022-05-02,amc,2022-05-03,2022-06-15,147.56,123.13,-16.56%
491,MAA,2023-02-01,amc,2023-02-02,2023-03-17,174.11,145.29,-16.55%
492,ADI,2022-08-17,bmo,2022-08-17,2022-09-29,170.13,141.99,-16.54%
493,WBD,2023-08-03,amc,2023-08-04,2023-09-18,13.97,11.66,-16.54%
494,NEM,2024-10-23,amc,2024-10-24,2024-12-06,49.25,41.11,-16.53%
495,MO,2020-01-30,bmo,2020-01-30,2020-03-13,48.00,40.07,-16.52%
496,CRWD,2022-08-30,amc,2022-08-31,2022-10-13,182.61,152.60,-16.43%
497,SYF,2021-10-19,bmo,2021-10-19,2021-12-01,52.36,43.76,-16.42%
498,TYL,2022-04-27,amc,2022-04-28,2022-06-10,403.66,337.52,-16.39%
499,BR,2020-01-31,bmo,2020-01-31,2020-03-16,119.15,99.63,-16.38%
500,BR,2022-08-12,bmo,2022-08-12,2022-09-26,183.22,153.21,-16.38%
